x,y,w,h,distance,class
0,0,93,105,0,LD
0,0,70,89,0,LD
162,0,14,94,4,LD
0,0,113,102,0,LD
38,0,33,111,23,LD
0,0,49,43,0,LD
138,0,37,67,35,LD
0,0,41,47,40,LD
117,0,43,72,2,LD
122,0,43,63,19,LD
0,0,50,121,0,LD
0,0,89,104,41,LD
0,0,41,95,47,LD
66,0,6,68,123,LD
0,0,39,89,80,LD
0,0,74,113,25,LD
50,0,15,94,79,LD
0,0,56,114,0,LD
0,0,47,82,0,LD
66,0,5,43,140,LD
0,0,41,128,1,LD
0,0,48,130,0,LD
59,0,8,87,100,LD
168,0,6,37,82,LD
9,0,55,96,22,LD
,,,,,
,,,,,
,,,,,
,,,,,
,,,,,
,,,,,
,,,,,
,,,,,
,,,,,
0,0,60,153,0,LD
0,0,81,116,0,LD
184,0,39,136,3,LD
93,0,39,105,8,LD
155,0,59,94,18,LD
111,0,53,106,16,LD
0,0,68,100,0,LD
0,0,39,61,0,LD
96,0,39,59,2,LD
40,0,41,59,0,LD
34,0,14,52,0,LD
153,0,33,49,13,LD
,,,,,
0,0,39,53,0,LD
0,0,55,72,0,LD
0,0,55,76,0,LD
,,,,,
32,0,32,55,0,LD
,,,,,
,,,,,
0,0,41,64,0,LD
,,,,,
,,,,,
,,,,,
,,,,,
54,0,37,36,0,LD
54,0,9,43,8,LD
,,,,,
85,0,97,46,3,LD
0,0,41,70,0,LD
51,0,33,51,17,LD
47,0,26,53,17,LD
0,0,43,57,7,LD
0,0,88,66,0,LD
98,0,39,63,3,LD
46,0,37,52,10,LD
101,0,55,63,1,LD
0,0,143,86,0,LD
,,,,,
53,0,27,42,6,LD
0,0,58,79,61,LD
0,0,61,71,0,LD
0,0,48,103,0,LD
72,0,31,60,18,LD
0,0,47,71,0,LD
,,,,,
174,0,26,57,38,LD
0,0,39,50,1,LD
0,0,52,70,0,LD
35,0,48,46,9,LD
0,0,50,50,0,LD
0,0,57,82,0,LD
,,,,,
151,0,55,64,26,LD
14,0,47,51,0,LD
208,0,48,68,3,LD
328,0,18,54,54,LD
24,0,10,7,76,LD
0,0,65,115,0,LD
116,0,40,58,8,LD
119,0,52,85,16,LD
0,0,49,45,0,LD
,,,,,
,,,,,
,,,,,
,,,,,
,,,,,
,,,,,
,,,,,
,,,,,
,,,,,
,,,,,
,,,,,
,,,,,
,,,,,
0,0,41,101,0,LD
,,,,,
,,,,,
,,,,,
,,,,,
,,,,,
,,,,,
0,0,29,33,70,LD
,,,,,
,,,,,
,,,,,
0,0,42,59,0,LD
,,,,,
,,,,,
,,,,,
,,,,,
,,,,,
,,,,,
,,,,,
,,,,,
,,,,,
0,0,49,72,33,LD
,,,,,
,,,,,
,,,,,
,,,,,
,,,,,
,,,,,
,,,,,
,,,,,
,,,,,
,,,,,
,,,,,
0,0,48,126,0,LD
,,,,,
,,,,,
,,,,,
,,,,,
,,,,,
,,,,,
,,,,,
,,,,,
0,0,11,17,12,LD
39,0,18,34,5,LD
,,,,,
0,0,14,26,18,LD
26,0,17,29,9,LD
0,0,17,23,10,LD
,,,,,
,,,,,
12,0,19,24,1,LD
5,0,138,29,4,LD
,,,,,
,,,,,
,,,,,
,,,,,
,,,,,
,,,,,
,,,,,
,,,,,
,,,,,
,,,,,
,,,,,
0,0,112,29,0,LD
,,,,,
,,,,,
,,,,,
,,,,,
,,,,,
,,,,,
,,,,,
,,,,,
,,,,,
,,,,,
,,,,,
,,,,,
,,,,,
,,,,,
,,,,,
,,,,,
,,,,,
,,,,,
0,0,162,27,0,LD
,,,,,
,,,,,
0,0,10,19,3,LD
27,0,13,19,11,LD
,,,,,
,,,,,
,,,,,
0,0,9,17,5,LD
49,0,15,22,0,LD
49,0,15,22,0,LD
,,,,,
,,,,,
27,0,7,17,8,LD
,,,,,
,,,,,
0,0,169,25,0,LD
,,,,,
,,,,,
,,,,,
,,,,,
0,0,108,29,0,LD
,,,,,
0,0,156,22,0,LD
0,0,156,29,0,LD
0,0,158,27,0,LD
,,,,,
,,,,,
,,,,,
,,,,,
,,,,,
0,0,65,52,0,LD
,,,,,
,,,,,
,,,,,
,,,,,
,,,,,
,,,,,
,,,,,
,,,,,
,,,,,
,,,,,
,,,,,
0,0,32,59,19,LD
,,,,,
,,,,,
,,,,,
,,,,,
,,,,,
0,0,39,29,0,LD
,,,,,
,,,,,
,,,,,
,,,,,
42,0,15,7,60,LD
,,,,,
,,,,,
,,,,,
,,,,,
,,,,,
,,,,,
,,,,,
,,,,,
,,,,,
31,0,30,56,0,LD
,,,,,
,,,,,
,,,,,
,,,,,
,,,,,
,,,,,
,,,,,
,,,,,
,,,,,
,,,,,
,,,,,
,,,,,
0,0,70,91,0,LD
0,0,43,106,0,LD
,,,,,
11,0,81,70,0,LD
,,,,,
,,,,,
0,0,39,59,0,LD
,,,,,
,,,,,
,,,,,
,,,,,
,,,,,
0,0,12,80,18,LD
,,,,,
,,,,,
,,,,,
,,,,,
,,,,,
,,,,,
0,0,43,109,0,LD
0,1,46,60,64,LD
,,,,,
,,,,,
,,,,,
73,0,74,65,32,LD
,,,,,
0,0,79,92,0,LD
,,,,,
,,,,,
3,0,10,17,13,LD
0,0,38,58,4,LD
0,0,56,69,0,LD
0,0,65,70,11,LD
,,,,,
,,,,,
,,,,,
0,0,67,83,0,LD
0,0,53,69,5,LD
0,1,25,32,46,LD
,,,,,
,,,,,
,,,,,
,,,,,
,,,,,
,,,,,
,,,,,
,,,,,
0,0,75,83,0,LD
,,,,,
,,,,,
0,0,96,69,0,LD
,,,,,
4,0,7,6,82,LD
,,,,,
,,,,,
,,,,,
,,,,,
,,,,,
,,,,,
,,,,,
,,,,,
,,,,,
,,,,,
,,,,,
,,,,,
,,,,,
,,,,,
0,0,70,90,0,LD
,,,,,
,,,,,
,,,,,
,,,,,
,,,,,
,,,,,
0,0,41,21,11,LD
50,0,62,61,31,LD
,,,,,
,,,,,
0,0,49,68,0,LD
,,,,,
,,,,,
0,0,51,81,0,LD
0,0,69,69,0,LD
,,,,,
,,,,,
,,,,,
0,0,88,65,0,LD
,,,,,
,,,,,
,,,,,
,,,,,
,,,,,
,,,,,
,,,,,
,,,,,
,,,,,
,,,,,
,,,,,
,,,,,
,,,,,
,,,,,
,,,,,
,,,,,
,,,,,
,,,,,
,,,,,
,,,,,
,,,,,
,,,,,
,,,,,
,,,,,
,,,,,
,,,,,
,,,,,
,,,,,
,,,,,
,,,,,
,,,,,
,,,,,
,,,,,
,,,,,
,,,,,
,,,,,
,,,,,
,,,,,
,,,,,
0,1,81,94,0,LD
,,,,,
,,,,,
,,,,,
,,,,,
,,,,,
,,,,,
,,,,,
,,,,,
,,,,,
,,,,,
,,,,,
,,,,,
,,,,,
,,,,,
,,,,,
,,,,,
,,,,,
0,0,33,46,37,LD
,,,,,
0,0,33,45,19,LD
38,0,27,49,17,LD
0,0,37,42,1,LD
0,0,10,33,13,LD
0,0,43,33,9,LD
0,0,45,48,24,LD
,,,,,
,,,,,
,,,,,
,,,,,
31,0,36,66,28,LD
0,0,34,43,14,LD
,,,,,
0,0,21,42,29,LD
,,,,,
,,,,,
,,,,,
,,,,,
21,0,71,49,0,LD
,,,,,
47,0,51,24,14,LD
,,,,,
,,,,,
,,,,,
,,,,,
,,,,,
24,0,27,43,14,LD
,,,,,
,,,,,
0,0,27,54,0,LD
64,0,30,48,0,LD
,,,,,
,,,,,
,,,,,
,,,,,
0,0,19,44,0,LD
,,,,,
,,,,,
,,,,,
0,0,28,51,0,LD
37,0,25,20,64,LD
0,0,30,45,0,LD
0,0,26,42,5,LD
30,0,22,51,0,LD
,,,,,
0,0,24,45,2,LD
56,0,34,36,0,LD
,,,,,
,,,,,
,,,,,
,,,,,
,,,,,
,,,,,
0,0,5,35,6,LD
,,,,,
,,,,,
,,,,,
,,,,,
0,0,48,45,14,LD
0,0,69,59,0,LD
,,,,,
,,,,,
,,,,,
0,0,35,39,1,LD
,,,,,
0,0,34,46,0,LD
,,,,,
,,,,,
,,,,,
,,,,,
,,,,,
,,,,,
,,,,,
,,,,,
0,0,26,35,0,LD
57,0,29,66,0,LD
42,0,37,43,0,LD
96,0,22,40,13,LD
,,,,,
0,0,50,83,0,LD
,,,,,
0,0,31,59,0,LD
0,0,4,46,3,LD
0,0,31,63,0,LD
,,,,,
0,1,25,67,0,LD
,,,,,
,,,,,
,,,,,
0,0,52,76,0,LD
,,,,,
37,0,28,47,0,LD
122,0,38,57,1,LD
0,0,35,52,7,LD
,,,,,
,,,,,
,,,,,
,,,,,
331,0,27,46,4,LD
91,0,34,53,1,LD
,,,,,
,,,,,
,,,,,
,,,,,
94,0,32,45,1,LD
,,,,,
,,,,,
130,0,36,59,6,LD
37,0,35,67,1,LD
0,0,20,55,6,LD
36,0,29,84,0,LD
35,0,29,47,5,LD
0,0,35,54,0,LD
15,0,38,43,36,LD
0,0,22,89,34,LD
123,0,23,50,12,LD
107,0,45,51,19,LD
0,0,23,59,0,LD
0,0,26,37,3,LD
27,0,26,67,5,LD
,,,,,
,,,,,
,,,,,
,,,,,
,,,,,
24,0,35,38,4,LD
,,,,,
,,,,,
79,0,40,63,2,LD
,,,,,
,,,,,
,,,,,
105,0,7,43,2,LD
,,,,,
,,,,,
139,0,10,34,24,LD
14,0,29,28,1,LD
,,,,,
,,,,,
78,0,29,59,4,LD
115,0,25,42,8,LD
0,0,47,78,0,LD
0,0,22,62,7,LD
31,0,33,52,1,LD
0,0,31,66,0,LD
0,0,46,61,0,LD
,,,,,
,,,,,
0,0,48,47,7,LD
43,0,60,55,21,LD
82,0,35,45,24,LD
35,0,30,70,0,LD
,,,,,
22,0,33,60,0,LD
47,0,32,67,0,LD
0,0,40,71,10,LD
36,0,27,65,0,LD
0,0,55,73,0,LD
63,0,34,66,61,LD
,,,,,
0,0,40,54,0,LD
89,0,34,52,0,LD
35,0,40,55,12,LD
41,0,39,64,0,LD
,,,,,
,,,,,
0,0,42,95,0,LD
0,0,41,91,0,LD
,,,,,
0,0,30,86,0,LD
95,0,39,81,0,LD
8,0,22,44,15,LD
,,,,,
40,0,5,49,0,LD
,,,,,
,,,,,
138,0,30,57,2,LD
,,,,,
,,,,,
241,0,7,4,52,LD
93,0,5,7,40,LD
,,,,,
0,0,5,50,1,LD
,,,,,
91,0,25,54,11,LD
,,,,,
97,0,26,52,6,LD
,,,,,
93,0,36,36,0,LD
,,,,,
159,0,29,50,0,LD
103,0,11,52,7,LD
,,,,,
,,,,,
0,0,47,65,10,LD
,,,,,
113,0,32,45,12,LD
,,,,,
0,0,21,49,0,LD
0,0,14,33,10,LD
0,0,510,64,0,LD
23,0,27,52,0,LD
,,,,,
,,,,,
,,,,,
,,,,,
,,,,,
93,0,21,52,5,LD
167,0,18,50,23,LD
0,0,44,55,54,LD
0,0,32,79,102,LD
0,0,12,61,11,LD
0,0,25,44,19,LD
0,0,70,66,0,LD
151,0,34,102,0,LD
63,0,7,50,9,LD
121,0,45,89,29,LD
,,,,,
103,0,47,74,4,LD
37,0,71,73,30,LD
0,0,11,50,71,LD
25,0,34,61,4,LD
0,0,108,71,35,LD
0,0,97,76,0,LD
0,0,126,68,0,LD
,,,,,
45,0,77,92,0,LD
65,0,57,46,42,LD
55,0,50,33,6,LD
99,0,33,72,0,LD
0,3,23,62,9,LD
46,0,10,73,35,LD
0,0,114,116,59,LD
52,0,97,67,0,LD
0,0,19,58,27,LD
30,0,46,60,6,LD
0,0,25,64,4,LD
,,,,,
0,0,21,63,0,LD
,,,,,
64,0,9,73,0,LD
89,0,35,68,30,LD
25,0,45,60,33,LD
0,0,28,72,0,LD
90,0,25,60,53,LD
0,0,31,64,9,LD
0,0,37,72,17,LD
0,1,3,64,35,LD
41,0,78,78,6,LD
87,0,52,100,0,LD
0,0,30,82,0,LD
0,0,26,78,0,LD
0,0,26,72,66,LD
8,0,24,41,7,LD
28,0,31,47,0,LD
67,0,36,41,1,LD
118,0,32,56,0,LD
53,0,66,57,0,LD
36,0,63,64,3,LD
,,,,,
13,0,78,52,23,LD
,,,,,
0,0,24,57,34,LD
59,0,11,80,0,LD
,,,,,
60,0,27,43,20,LD
38,0,13,51,5,LD
,,,,,
33,0,55,71,2,LD
,,,,,
69,0,37,52,8,LD
53,0,26,44,6,LD
86,0,21,35,11,LD
34,0,25,38,10,LD
0,0,37,42,1,LD
0,0,29,62,0,LD
103,0,9,61,0,LD
0,0,36,50,11,LD
53,0,20,76,0,LD
0,0,9,65,0,LD
25,0,18,41,7,LD
0,0,42,67,0,LD
274,0,19,45,42,LD
56,0,49,60,0,LD
77,0,32,60,34,LD
21,0,33,46,3,LD
,,,,,
0,0,9,50,4,LD
166,0,36,58,2,LD
36,0,35,70,0,LD
56,0,42,60,1,LD
50,0,29,71,3,LD
24,0,21,68,0,LD
,,,,,
,,,,,
,,,,,
,,,,,
0,0,55,56,0,LD
,,,,,
,,,,,
43,0,49,51,5,LD
0,0,35,46,0,LD
61,0,34,10,50,LD
50,0,37,54,1,LD
,,,,,
,,,,,
0,0,48,54,4,LD
,,,,,
,,,,,
0,0,37,39,0,LD
51,0,33,50,0,LD
0,0,39,40,0,LD
146,0,40,37,2,LD
54,0,44,44,0,LD
0,0,49,54,0,LD
,,,,,
,,,,,
,,,,,
,,,,,
0,0,49,103,0,LD
,,,,,
0,0,29,48,13,LD
,,,,,
,,,,,
,,,,,
,,,,,
,,,,,
0,0,31,57,2,LD
0,0,73,49,0,LD
0,0,65,43,0,LD
,,,,,
0,0,60,74,0,LD
0,0,66,107,2,LD
0,0,53,42,0,LD
0,0,53,56,0,LD
15,0,91,72,62,LD
0,0,73,52,87,LD
,,,,,
0,0,69,40,0,LD
0,0,91,67,0,LD
2,0,53,41,0,LD
0,0,51,69,2,LD
2,0,56,55,0,LD
0,0,102,39,0,LD
0,0,133,79,0,LD
0,2,38,51,0,LD
0,0,51,42,0,LD
0,0,73,43,0,LD
0,2,52,88,0,LD
6,0,5,4,65,LD
,,,,,
102,0,48,62,6,LD
,,,,,
56,0,39,55,6,LD
0,0,36,56,0,LD
0,0,22,10,72,LD
,,,,,
,,,,,
0,0,10,7,42,LD
135,0,38,48,26,LD
,,,,,
40,0,38,75,0,LD
47,0,45,57,0,LD
42,0,53,45,17,LD
0,0,57,52,0,LD
0,0,46,70,0,LD
47,0,45,54,7,LD
64,0,12,59,11,LD
0,0,53,69,8,LD
38,0,69,60,7,LD
23,0,61,53,17,LD
0,0,74,52,0,LD
25,0,48,64,11,LD
,,,,,
48,0,51,60,18,LD
0,0,40,43,0,LD
,,,,,
61,0,5,62,0,LD
168,0,69,63,15,LD
144,0,40,66,69,LD
82,0,76,64,20,LD
0,0,50,76,0,LD
,,,,,
0,0,46,53,0,LD
5,0,37,57,0,LD
102,0,42,61,12,LD
,,,,,
0,0,46,73,0,LD
2,0,37,78,79,LD
0,0,50,78,0,LD
,,,,,
,,,,,
72,0,37,59,4,LD
29,0,26,30,67,LD
53,0,6,66,11,LD
61,0,56,70,4,LD
0,0,39,71,0,LD
96,0,40,54,11,LD
0,0,36,71,5,LD
37,0,8,41,14,LD
0,0,47,56,0,LD
6,0,16,3,58,LD
10,0,9,43,12,LD
91,0,8,41,52,LD
0,0,39,36,0,LD
0,0,112,53,0,LD
115,0,22,61,2,LD
,,,,,
0,1,10,52,0,LD
,,,,,
,,,,,
,,,,,
97,0,24,47,5,LD
168,0,30,60,37,LD
0,0,50,28,0,LD
,,,,,
,,,,,
107,0,24,38,0,LD
280,0,11,10,53,LD
15,0,52,28,6,LD
0,1,58,51,5,LD
0,0,87,52,1,LD
0,0,76,111,0,LD
,,,,,
30,0,13,4,49,LD
0,0,47,55,0,LD
,,,,,
,,,,,
43,0,7,45,2,LD
0,0,88,50,0,LD
,,,,,
,,,,,
,,,,,
0,0,79,39,1,LD
0,0,23,12,24,LD
0,0,68,44,0,LD
,,,,,
,,,,,
,,,,,
,,,,,
,,,,,
,,,,,
,,,,,
,,,,,
0,0,39,28,0,LD
,,,,,
0,0,46,44,0,LD
,,,,,
47,0,29,50,0,LD
,,,,,
53,0,66,53,0,LD
,,,,,
,,,,,
39,0,49,45,0,LD
0,0,24,50,0,LD
,,,,,
20,0,28,23,33,LD
,,,,,
,,,,,
,,,,,
0,0,7,46,4,LD
,,,,,
,,,,,
,,,,,
,,,,,
,,,,,
,,,,,
,,,,,
,,,,,
,,,,,
,,,,,
,,,,,
,,,,,
,,,,,
49,0,7,5,210,LD
0,0,27,42,3,LD
32,0,17,105,0,LD
,,,,,
,,,,,
,,,,,
87,0,10,74,0,LD
,,,,,
,,,,,
0,0,3,16,46,LD
0,0,46,99,0,LD
0,0,59,78,0,LD
,,,,,
0,0,8,39,5,LD
,,,,,
,,,,,
,,,,,
,,,,,
,,,,,
,,,,,
,,,,,
,,,,,
,,,,,
,,,,,
,,,,,
9,0,8,33,44,LD
,,,,,
,,,,,
,,,,,
,,,,,
,,,,,
,,,,,
,,,,,
,,,,,
,,,,,
,,,,,
0,0,53,68,0,LD
0,0,56,106,0,LD
,,,,,
0,2,11,74,0,LD
42,0,3,13,37,LD
44,0,36,66,0,LD
,,,,,
,,,,,
,,,,,
,,,,,
0,0,62,67,0,LD
,,,,,
,,,,,
0,0,5,47,33,LD
0,0,5,53,0,LD
,,,,,
,,,,,
,,,,,
,,,,,
,,,,,
,,,,,
,,,,,
,,,,,
,,,,,
,,,,,
,,,,,
,,,,,
,,,,,
,,,,,
0,0,18,28,27,LD
0,0,75,51,0,LD
,,,,,
,,,,,
,,,,,
0,0,32,75,1,LD
45,0,27,33,0,LD
0,0,39,58,0,LD
0,0,40,66,0,LD
73,0,25,57,7,LD
,,,,,
0,0,38,56,0,LD
102,0,15,43,9,LD
0,0,33,63,37,LD
84,0,25,54,25,LD
38,0,31,59,0,LD
93,0,28,53,13,LD
0,0,36,71,1,LD
,,,,,
0,0,24,71,7,LD
107,0,24,57,13,LD
,,,,,
,,,,,
8,0,56,52,5,LD
,,,,,
,,,,,
45,0,50,58,0,LD
0,0,40,58,16,LD
38,0,18,47,22,LD
35,0,27,58,0,LD
100,0,22,74,13,LD
57,0,37,47,15,LD
443,0,10,43,18,LD
,,,,,
30,0,28,39,4,LD
,,,,,
53,0,48,53,14,LD
,,,,,
,,,,,
,,,,,
,,,,,
,,,,,
,,,,,
114,0,6,39,19,LD
,,,,,
,,,,,
112,0,5,50,3,LD
92,0,22,50,0,LD
,,,,,
,,,,,
,,,,,
,,,,,
180,0,30,62,1,LD
,,,,,
,,,,,
159,0,9,40,2,LD
21,0,22,53,2,LD
,,,,,
,,,,,
,,,,,
105,0,27,39,10,LD
48,0,32,52,5,LD
,,,,,
60,0,55,39,3,LD
48,0,47,35,0,LD
49,0,25,53,0,LD
34,0,77,49,0,LD
0,0,31,43,0,LD
41,0,29,61,0,LD
,,,,,
,,,,,
18,0,25,46,0,LD
121,0,27,47,9,LD
,,,,,
41,0,17,54,0,LD
,,,,,
,,,,,
19,0,30,22,25,neurotypical
,,,,,
52,0,32,42,0,neurotypical
,,,,,
0,0,40,23,2,neurotypical
,,,,,
0,0,103,45,2,neurotypical
40,0,14,37,2,neurotypical
,,,,,
13,0,27,27,0,neurotypical
,,,,,
0,0,69,25,1,neurotypical
0,0,14,33,0,neurotypical
,,,,,
,,,,,
,,,,,
55,0,25,33,5,neurotypical
60,0,25,27,27,neurotypical
,,,,,
75,0,5,8,22,neurotypical
0,0,85,40,1,neurotypical
53,0,13,35,0,neurotypical
0,0,18,39,1,neurotypical
,,,,,
96,0,33,39,89,neurotypical
97,0,42,52,4,neurotypical
44,0,35,57,0,neurotypical
0,0,11,48,9,neurotypical
0,0,45,48,5,neurotypical
67,0,54,57,0,neurotypical
0,0,45,45,5,neurotypical
0,0,37,52,18,neurotypical
44,0,146,67,0,neurotypical
,,,,,
,,,,,
0,0,44,58,0,neurotypical
36,0,36,38,0,neurotypical
0,0,43,47,0,neurotypical
34,0,45,46,3,neurotypical
,,,,,
0,0,29,43,0,neurotypical
0,0,44,46,9,neurotypical
0,0,34,44,7,neurotypical
0,0,41,50,0,neurotypical
0,0,41,59,0,neurotypical
,,,,,
0,0,47,53,0,neurotypical
41,0,99,55,8,neurotypical
,,,,,
32,0,43,49,0,neurotypical
0,1,37,50,1,neurotypical
0,0,46,51,0,neurotypical
0,0,39,49,0,neurotypical
,,,,,
47,0,38,44,0,neurotypical
0,0,39,58,59,neurotypical
107,0,32,45,0,neurotypical
0,0,39,64,0,neurotypical
95,0,30,48,3,neurotypical
77,0,17,47,57,neurotypical
0,0,53,47,1,neurotypical
,,,,,
151,0,23,47,31,neurotypical
,,,,,
121,0,12,11,24,neurotypical
0,0,39,40,0,neurotypical
,,,,,
0,1,92,45,0,neurotypical
86,0,58,47,0,neurotypical
,,,,,
0,0,33,31,0,neurotypical
95,0,136,46,0,neurotypical
0,0,43,52,2,neurotypical
207,0,17,44,1,neurotypical
,,,,,
0,0,28,34,8,neurotypical
,,,,,
,,,,,
181,0,44,50,0,neurotypical
0,0,23,53,38,neurotypical
0,0,38,55,1,neurotypical
,,,,,
,,,,,
,,,,,
178,0,35,50,5,neurotypical
43,0,80,51,0,neurotypical
52,0,50,56,0,neurotypical
108,0,37,40,0,neurotypical
,,,,,
0,0,32,46,0,neurotypical
52,0,44,54,0,neurotypical
0,0,36,48,0,neurotypical
,,,,,
0,0,51,50,7,neurotypical
,,,,,
47,0,29,53,0,neurotypical
0,0,22,8,52,neurotypical
90,0,54,56,3,neurotypical
88,0,46,46,8,neurotypical
0,0,58,50,2,neurotypical
171,0,40,53,27,neurotypical
88,0,38,55,0,neurotypical
0,0,78,59,0,neurotypical
41,0,49,54,1,neurotypical
0,0,67,55,0,neurotypical
61,0,39,38,2,neurotypical
0,0,40,42,0,neurotypical
0,0,37,48,5,neurotypical
0,0,40,53,28,neurotypical
,,,,,
0,0,32,56,6,neurotypical
0,0,25,61,11,neurotypical
,,,,,
,,,,,
,,,,,
35,0,82,79,52,neurotypical
37,0,32,48,10,neurotypical
0,0,45,29,3,neurotypical
0,0,17,44,15,neurotypical
22,0,28,38,0,neurotypical
0,0,13,37,4,neurotypical
36,0,28,40,0,neurotypical
40,0,20,8,35,neurotypical
0,0,15,42,3,neurotypical
0,0,9,49,2,neurotypical
0,0,32,29,2,neurotypical
0,0,40,56,0,neurotypical
0,0,27,39,0,neurotypical
31,0,7,38,26,neurotypical
0,0,27,34,2,neurotypical
0,0,51,39,1,neurotypical
0,0,20,36,25,neurotypical
0,0,24,36,5,neurotypical
0,0,15,42,6,neurotypical
0,0,27,21,20,neurotypical
,,,,,
52,0,25,28,1,neurotypical
,,,,,
,,,,,
,,,,,
47,0,60,43,1,neurotypical
0,0,6,22,0,neurotypical
0,0,27,29,0,neurotypical
77,0,40,43,2,neurotypical
0,0,11,48,5,neurotypical
0,1,38,48,3,neurotypical
,,,,,
0,0,50,58,0,neurotypical
,,,,,
0,0,90,75,0,neurotypical
,,,,,
0,0,79,46,0,neurotypical
0,0,52,45,0,neurotypical
28,0,57,37,1,neurotypical
,,,,,
101,0,16,22,35,neurotypical
38,0,32,29,0,neurotypical
0,0,6,60,0,neurotypical
,,,,,
0,0,27,42,2,neurotypical
29,0,30,41,0,neurotypical
24,0,30,37,0,neurotypical
,,,,,
0,0,23,30,0,neurotypical
0,0,90,5,39,neurotypical
19,0,31,39,0,neurotypical
38,0,5,40,8,neurotypical
0,0,100,50,38,neurotypical
30,0,37,49,4,neurotypical
0,0,24,47,0,neurotypical
26,0,35,45,0,neurotypical
0,0,15,11,46,neurotypical
25,0,25,40,0,neurotypical
,,,,,
21,0,12,36,0,neurotypical
23,0,28,29,4,neurotypical
65,0,31,37,1,neurotypical
24,0,29,40,0,neurotypical
27,0,30,50,9,neurotypical
45,0,36,56,12,neurotypical
0,0,23,35,42,neurotypical
30,0,29,36,4,neurotypical
0,0,4,18,47,neurotypical
59,0,32,35,0,neurotypical
30,0,32,53,0,neurotypical
0,0,62,42,0,neurotypical
17,0,44,39,0,neurotypical
,,,,,
22,0,9,44,8,neurotypical
26,0,11,46,0,neurotypical
0,0,26,65,0,neurotypical
,,,,,
0,0,51,72,0,neurotypical
72,0,35,53,2,neurotypical
,,,,,
,,,,,
22,0,36,31,2,neurotypical
40,0,90,50,7,neurotypical
,,,,,
,,,,,
,,,,,
60,0,22,37,10,neurotypical
,,,,,
0,0,12,40,4,neurotypical
34,0,64,55,1,neurotypical
,,,,,
,,,,,
0,0,21,51,11,neurotypical
0,0,17,15,23,neurotypical
84,0,4,6,28,neurotypical
20,0,69,46,0,neurotypical
148,0,50,49,19,neurotypical
0,0,52,48,18,neurotypical
0,0,60,57,27,neurotypical
0,0,30,43,1,neurotypical
63,0,53,45,0,neurotypical
,,,,,
27,0,42,38,0,neurotypical
,,,,,
0,0,48,26,1,neurotypical
1,0,21,9,39,neurotypical
0,0,33,45,0,neurotypical
40,0,45,50,0,neurotypical
36,0,22,38,3,neurotypical
0,0,28,44,1,neurotypical
0,0,42,41,2,neurotypical
0,0,26,43,0,neurotypical
106,0,20,8,31,neurotypical
108,0,29,21,40,neurotypical
0,0,41,40,0,neurotypical
23,0,19,8,31,neurotypical
101,0,24,36,28,neurotypical
0,0,60,40,3,neurotypical
,,,,,
,,,,,
,,,,,
,,,,,
,,,,,
,,,,,
,,,,,
,,,,,
,,,,,
,,,,,
,,,,,
,,,,,
,,,,,
,,,,,
,,,,,
,,,,,
,,,,,
,,,,,
,,,,,
,,,,,
,,,,,
,,,,,
,,,,,
,,,,,
,,,,,
,,,,,
,,,,,
,,,,,
,,,,,
,,,,,
,,,,,
,,,,,
,,,,,
,,,,,
,,,,,
,,,,,
,,,,,
,,,,,
,,,,,
,,,,,
,,,,,
,,,,,
,,,,,
,,,,,
,,,,,
,,,,,
,,,,,
,,,,,
,,,,,
,,,,,
,,,,,
,,,,,
,,,,,
,,,,,
,,,,,
,,,,,
,,,,,
,,,,,
101,0,32,85,11,neurotypical
,,,,,
10,0,33,89,135,neurotypical
0,0,32,88,13,neurotypical
0,0,41,61,62,neurotypical
,,,,,
,,,,,
,,,,,
,,,,,
,,,,,
,,,,,
0,0,11,8,98,neurotypical
0,0,44,88,11,neurotypical
0,0,48,87,10,neurotypical
,,,,,
,,,,,
,,,,,
,,,,,
,,,,,
0,0,39,75,41,neurotypical
0,0,26,76,20,neurotypical
,,,,,
,,,,,
,,,,,
,,,,,
,,,,,
,,,,,
,,,,,
,,,,,
,,,,,
,,,,,
0,0,37,36,51,neurotypical
0,0,103,58,0,neurotypical
0,0,65,81,0,neurotypical
0,0,51,45,0,neurotypical
,,,,,
0,0,70,63,0,neurotypical
0,0,90,26,0,neurotypical
0,0,83,62,0,neurotypical
0,0,75,73,0,neurotypical
0,0,77,41,0,neurotypical
,,,,,
0,0,73,30,0,neurotypical
0,0,67,60,0,neurotypical
0,0,79,49,0,neurotypical
0,0,73,53,0,neurotypical
0,0,71,41,0,neurotypical
0,0,72,72,0,neurotypical
0,0,55,39,0,neurotypical
0,0,99,51,0,neurotypical
0,0,45,37,0,neurotypical
0,0,83,37,0,neurotypical
,,,,,
0,0,53,70,0,neurotypical
95,0,46,80,0,neurotypical
0,0,65,64,0,neurotypical
66,0,73,82,2,neurotypical
0,0,94,108,0,neurotypical
84,0,9,8,79,neurotypical
0,0,60,71,0,neurotypical
0,0,58,77,2,neurotypical
0,0,54,88,0,neurotypical
0,0,58,85,0,neurotypical
,,,,,
76,0,68,84,0,neurotypical
0,0,69,76,0,neurotypical
0,0,68,86,4,neurotypical
0,0,43,124,11,neurotypical
,,,,,
0,0,58,86,0,neurotypical
0,0,62,84,0,neurotypical
0,0,49,83,0,neurotypical
0,0,83,105,19,neurotypical
11,0,9,33,53,neurotypical
0,0,14,93,23,neurotypical
0,0,52,88,0,neurotypical
0,0,62,97,0,neurotypical
0,0,43,58,0,neurotypical
0,0,43,126,0,neurotypical
0,0,85,71,0,neurotypical
0,0,57,89,0,neurotypical
0,0,59,107,0,neurotypical
0,0,75,118,12,neurotypical
0,0,62,90,0,neurotypical
0,0,73,98,0,neurotypical
96,0,53,102,18,neurotypical
0,0,56,70,0,neurotypical
0,0,53,59,81,neurotypical
0,0,90,122,0,neurotypical
0,0,97,86,11,neurotypical
,,,,,
,,,,,
,,,,,
66,0,48,87,12,neurotypical
0,0,89,71,0,neurotypical
0,0,68,99,0,neurotypical
0,0,87,117,0,neurotypical
